{
	"CameraName": "CineCameraActor_0",
	"Extrinsics":
	{
		"Location":
		{
			"X": 1620,
			"Y": -840,
			"Z": 90
		},
		"Rotation":
		{
			"Pitch": 0,
			"Yaw": -90.000000000000014,
			"Roll": 0
		},
		"Scale":
		{
			"X": 1,
			"Y": 1,
			"Z": 1
		},
		"ExtrinsicMatrix_UE": [
			[ -2.2204460492503121e-16, 0.99999999999999978, 0, -0 ],
			[ -0.99999999999999978, -2.2204460492503121e-16, -0, 0 ],
			[ 0, -0, 1, -0 ],
			[ -839.99999999999955, -1620, -89.999999999999986, 1 ]
		],
		"ExtrinsicMatrix_CV": [
			[ -2.2204460492503121e-16, 0, -0.99999999999999978, 0 ],
			[ 0, 1, 0, 0 ],
			[ 0.99999999999999978, 0, -2.2204460492503121e-16, 0 ],
			[ -1620, 89.999999999999986, -839.99999999999955, 1 ]
		]
	}
}